Full Name,Email,Graduation Year,Meeting
Aarav Shah,aa.shah@ufl.edu,2030,GBM 1 Fall 2026
Aaden Gabriel Abarintos,abarintosa@ufl.edu,2030,GBM 1 Fall 2026
Adit More,aditmore@ufl.edu,2030,GBM 1 Fall 2026
Ashwin Guda,aguda@ufl.edu,2028,GBM 1 Fall 2026
Aidan Quach,aidanquach1@ufl.edu,2029,GBM 1 Fall 2026
Alan Tran,alantran@ufl.edu,2030,GBM 1 Fall 2026
Alberto Riefkohl Zambrana,albertoriefkohlz@ufl.edu,2030,GBM 1 Fall 2026
Alexander Tarima,alexander.tarima@ufl.edu,2029,GBM 1 Fall 2026
Alex Zhao,alexzhao@ufl.edu,2030,GBM 1 Fall 2026
Alvin Cabe,alvincabe@ufl.edu,2028,GBM 1 Fall 2026
Jake Amaral,amaral.jake@ufl.edu,2028,GBM 1 Fall 2026
Arthur Micheal,amicheal@ufl.edu,2030,GBM 1 Fall 2026
Ariv Nayyar,anayyar@ufl.edu,2030,GBM 1 Fall 2026
Andrew Cordani,andrewcordani@ufl.edu,2030,GBM 1 Fall 2026
Aneal Singh,aneal.singh@ufl.edu,2030,GBM 1 Fall 2026
Anishram Nelluri,anelluri@ufl.edu,2029,GBM 1 Fall 2026
Anh Mai,anh.mai@ufl.edu,2029,GBM 1 Fall 2026
Anilov Villanueva,anilovvillanueva@ufl.edu,2028,GBM 1 Fall 2026
Anthony Lapsley,anthony.lapsley@ufl.edu,2029,GBM 1 Fall 2026
Aryan Sai Nimmagadda,ar.nimmagadda@ufl.edu,2030,GBM 1 Fall 2026
Arjun Sujith,arjunsujith@ufl.edu,2028,GBM 1 Fall 2026
Analise Stuart,astuart1@ufl.edu,2027,GBM 1 Fall 2026
Arlan Suleimanov,asuleimanov@ufl.edu,2029,GBM 1 Fall 2026
Ayan Singh,ayan.singh@ufl.edu,2029,GBM 1 Fall 2026
Ayush More,ayush.more@ufl.edu,2030,GBM 1 Fall 2026
Benjamin Kojusner,b.kojusner@ufl.edu,2029,GBM 1 Fall 2026
Benjamin Charbonneau,bcharbonneau@ufl.edu,2029,GBM 1 Fall 2026
Briana DeStoppelaire,bdestoppelaire@ufl.edu,2029,GBM 1 Fall 2026
Benjamin Kakiel,benjamin.kakiel@ufl.edu,2029,GBM 1 Fall 2026
Sebastian Bertens,bertenssebastian@ufl.edu,2030,GBM 1 Fall 2026
Braydin Gadouas,bgadouas@ufl.edu,2030,GBM 1 Fall 2026
Mahiba Bhuiyan,bhuiyanm@ufl.edu,2030,GBM 1 Fall 2026
Bryce Williams,bj.williams@ufl.edu,2029,GBM 1 Fall 2026
Alex Bonet,bonet.a@ufl.edu,2030,GBM 1 Fall 2026
Brigid OâSullivan,brigid.osullivan@ufl.edu,2029,GBM 1 Fall 2026
Canran Cui,canrancui@ufl.edu,2030,GBM 1 Fall 2026
Andrew Chen,chenmudi@ufl.edu,2030,GBM 1 Fall 2026
Colgan Miller,colgan.miller@ufl.edu,2027,GBM 1 Fall 2026
Christopher St. John,cstjohn1@ufl.edu,2029,GBM 1 Fall 2026
Diya Dipu Nair,d.dipunair@ufl.edu,2029,GBM 1 Fall 2026
David Farina,d.farina@ufl.edu,2029,GBM 1 Fall 2026
David Losada,davidlosada@ufl.edu,2030,GBM 1 Fall 2026
Deven Dangi,ddangi@ufl.edu,2029,GBM 1 Fall 2026
Dev Parikh,dev.parikh@ufl.edu,2030,GBM 1 Fall 2026
Demetri Mavroudes,dmavroudes@ufl.edu,2030,GBM 1 Fall 2026
ella till,e.till@ufl.edu,2030,GBM 1 Fall 2026
Evan Ho Lostalo,eholostalo@ufl.edu,2027,GBM 1 Fall 2026
Emmanuel Nwosu,enwosu@ufl.edu,2026,GBM 1 Fall 2026
Ethan Chen,ethanchen1@ufl.edu,2030,GBM 1 Fall 2026
Fred Bertil,fbertil@ufl.edu,2030,GBM 1 Fall 2026
Fareed Zaki,fzaki@ufl.edu,2029,GBM 1 Fall 2026
Gael Garcia,gael.garcia@ufl.edu,2026,GBM 1 Fall 2026
Alec Garcia,garcia.alec@ufl.edu,2030,GBM 1 Fall 2026
David Gonzalez,gonzalezdavid2@ufl.edu,2029,GBM 1 Fall 2026
Shreya Gupta,gupta.s2@ufl.edu,2030,GBM 1 Fall 2026
Hitesh Katikaneni,h.katikaneni@ufl.edu,2029,GBM 1 Fall 2026
Harshil Rathod,h.rathod@ufl.edu,2027,GBM 1 Fall 2026
Hamsika Anala,hanala@ufl.edu,2030,GBM 1 Fall 2026
Hanley Case,hanleycase@ufl.edu,2029,GBM 1 Fall 2026
Seth Imig,imig.seth@ufl.edu,2030,GBM 1 Fall 2026
Isabella Vassor,ivassor@ufl.edu,2029,GBM 1 Fall 2026
Jack Scarlett,j.scarlett@ufl.edu,2029,GBM 1 Fall 2026
Jack Lenhart,jacklenhart@ufl.edu,2030,GBM 1 Fall 2026
Jackson Myers,jackson.myers@ufl.edu,2030,GBM 1 Fall 2026
Jackson Dalton,jacksondalton@ufl.edu,2030,GBM 1 Fall 2026
Jason Tenczar,jasontenczar@ufl.edu,2027,GBM 1 Fall 2026
Jayden Rosier,jayden.rosier@ufl.edu,2030,GBM 1 Fall 2026
Jayden Nguyen,jaydennguyen@ufl.edu,2029,GBM 1 Fall 2026
Jaime Breitkreutz,jbreitkreutz@ufl.edu,2029,GBM 1 Fall 2026
Javier Castro,jcastro4@ufl.edu,2030,GBM 1 Fall 2026
Jett Justin,jettjustin@ufl.edu,2030,GBM 1 Fall 2026
Joshua Herring,jm.herring@ufl.edu,2030,GBM 1 Fall 2026
Jimmy Nguyen,jnguyen9@ufl.edu,2030,GBM 1 Fall 2026
John Garner,johngarner@ufl.edu,2029,GBM 1 Fall 2026
John Thies,johnthies@ufl.edu,2030,GBM 1 Fall 2026
Jordon Lawson,jordonlawson@ufl.edu,2029,GBM 1 Fall 2026
Joseph Hurst,josephhurst@ufl.edu,2029,GBM 1 Fall 2026
Joey Pope,josephpope@ufl.edu,2028,GBM 1 Fall 2026
James Ramos,jramos@ufl.edu,2030,GBM 1 Fall 2026
Keelan Tse,k.tse@ufl.edu,2030,GBM 1 Fall 2026
Keilly Cespedes,keillycespedes@ufl.edu,2028,GBM 1 Fall 2026
ken liu,kenliu@ufl.edu,2026,GBM 1 Fall 2026
Kenzo Fukuda,kfukuda@ufl.edu,2028,GBM 1 Fall 2026
Haris Khan,khanharis@ufl.edu,2029,GBM 1 Fall 2026
Donald Khek,khek.do@ufl.edu,2030,GBM 1 Fall 2026
Kush Palem,kpalem@ufl.edu,2029,GBM 1 Fall 2026
Kush Patel,kush.patel1@ufl.edu,2028,GBM 1 Fall 2026
Layth Ghnaim,laythghnaim@ufl.edu,2027,GBM 1 Fall 2026
Lethanial Leveille,leveillel@ufl.edu,2029,GBM 1 Fall 2026
Lucas Leinweber,lleinweber@ufl.edu,2029,GBM 1 Fall 2026
Luke Justin,lukejustin@ufl.edu,2030,GBM 1 Fall 2026
Joao Lellis,lutfallamacha.jp@ufl.edu,2028,GBM 1 Fall 2026
Luis Cortes,lv.cortes@ufl.edu,2030,GBM 1 Fall 2026
Lokesh Vaddi,lvaddi@ufl.edu,2026,GBM 1 Fall 2026
Mahadev Sagi,mahadev.sagi@ufl.edu,2028,GBM 1 Fall 2026
Mahek Patel,mahekpatel@ufl.edu,2028,GBM 1 Fall 2026
Manuel Martinez,manuelmartinez@ufl.edu,2026,GBM 1 Fall 2026
Markus Keller-Karatsonyi,markuskellerkara@ufl.edu,2030,GBM 1 Fall 2026
Marvan Ekanayake,marvanekanayake@ufl.edu,2029,GBM 1 Fall 2026
Meeval Naliyath,meevalnaliyath@ufl.edu,2029,GBM 1 Fall 2026
Carlos Mendez,mendez.c@ufl.edu,2027,GBM 1 Fall 2026
Mikel Salomon,mikelsalomon@ufl.edu,2029,GBM 1 Fall 2026
Marcos Perez,mperez9@ufl.edu,2030,GBM 1 Fall 2026
Matthew Robertson,mrobertson4@ufl.edu,2029,GBM 1 Fall 2026
Muhammad Athar,muhammad.athar@ufl.edu,2028,GBM 1 Fall 2026
Neville Shaw,n.shaw@ufl.edu,2030,GBM 1 Fall 2026
Nandu Praveen,na.praveen@ufl.edu,2029,GBM 1 Fall 2026
Nanda Donthineni,nanda.donthineni@ufl.edu,2030,GBM 1 Fall 2026
Nick Bown,nbown@ufl.edu,2029,GBM 1 Fall 2026
Branden Neveau,neveau.br@ufl.edu,2030,GBM 1 Fall 2026
Minh Nguyen,nguyen.ba@ufl.edu,2029,GBM 1 Fall 2026
Cody Nguyen,nguyen.ct@ufl.edu,2029,GBM 1 Fall 2026
Nishita Muthyalagari,nmuthyalagari@ufl.edu,2027,GBM 1 Fall 2026
Noah Techoueyres,noahtechoueyres@ufl.edu,2029,GBM 1 Fall 2026
Nimisha Sarkar,nsarkar@ufl.edu,2028,GBM 1 Fall 2026
Roshan Patel,patel.roshan@ufl.edu,2028,GBM 1 Fall 2026
Patrick Lowry,patrick.lowry@ufl.edu,2027,GBM 1 Fall 2026
Patrick DeBickes,pdebickes@ufl.edu,2030,GBM 1 Fall 2026
Peter Reviere,peterreviere@ufl.edu,2030,GBM 1 Fall 2026
Prateek Kalusani,pkalusani@ufl.edu,2030,GBM 1 Fall 2026
Promit Roy,promit.roy@ufl.edu,2029,GBM 1 Fall 2026
David Pusey,pusey.dn@ufl.edu,2028,GBM 1 Fall 2026
Quocnghia Truong,q.truong@ufl.edu,2029,GBM 1 Fall 2026
Rishi Pinapaka,r.pinapaka@ufl.edu,2029,GBM 1 Fall 2026
Rudra Tuljapurkar,r.tuljapurkar@ufl.edu,2030,GBM 1 Fall 2026
Raami Abichou,rabichou@ufl.edu,2028,GBM 1 Fall 2026
Raymond Adams,raymondadams@ufl.edu,2028,GBM 1 Fall 2026
Nathan Reyes,reyes.na@ufl.edu,2029,GBM 1 Fall 2026
Jay Rhymer,rhymerjay@ufl.edu,2029,GBM 1 Fall 2026
Rishi Gandhi,rishi.gandhi@ufl.edu,2029,GBM 1 Fall 2026
Rithika Mathew,rmathew1@ufl.edu,2027,GBM 1 Fall 2026
Roshni Padala,rpadala@ufl.edu,2029,GBM 1 Fall 2026
Ryan Xi,ry.xi@ufl.edu,2029,GBM 1 Fall 2026
Ryan Medina,ryan.medina@ufl.edu,2029,GBM 1 Fall 2026
Ryan Ransaw,ryan.ransaw@ufl.edu,2027,GBM 1 Fall 2026
Samir Patel,s.patel4@ufl.edu,2028,GBM 1 Fall 2026
Siddharth Valluri,s.valluri@ufl.edu,2030,GBM 1 Fall 2026
Sahil Desai,sahildesai@ufl.edu,2030,GBM 1 Fall 2026
sanjana thomas,sanjanathomas@ufl.edu,2030,GBM 1 Fall 2026
Sanjith Gopinath,sanjith.gopinath@ufl.edu,2030,GBM 1 Fall 2026
Stefan Behrmann,sbehrmann@ufl.edu,2030,GBM 1 Fall 2026
Shyaam Shanmugam,shanmugams@ufl.edu,2029,GBM 1 Fall 2026
Leo Shee,sheeleo@ufl.edu,2030,GBM 1 Fall 2026
Aditya Shukla,shukla.aditya@ufl.edu,2030,GBM 1 Fall 2026
Sian Jose,sian.jose@ufl.edu,2028,GBM 1 Fall 2026
Sneha Patel,sneha.patel@ufl.edu,2028,GBM 1 Fall 2026
Alison Soewito,soewito.alison@ufl.edu,2029,GBM 1 Fall 2026
Sophie Daniel,sophie.daniel@ufl.edu,2029,GBM 1 Fall 2026
Shrish Panchedhri,spanchedhri@ufl.edu,2030,GBM 1 Fall 2026
Srijan Kumbam,srijankumbam@ufl.edu,2030,GBM 1 Fall 2026
Soham Savarkar,ssavarkar@ufl.edu,2027,GBM 1 Fall 2026
Sullivan Bittner,sullivanbittner@ufl.edu,2030,GBM 1 Fall 2026
timothy choy,timothychoy@ufl.edu,2027,GBM 1 Fall 2026
Trevin Fugere,trevinfugere@ufl.edu,2027,GBM 1 Fall 2026
Lourival Vasconcelos Ferreira,vasconcelosferrl@ufl.edu,2030,GBM 1 Fall 2026
Vrinda Goel,vgoel@ufl.edu,2026,GBM 1 Fall 2026
Vandana Robbi,vrobbi@ufl.edu,2029,GBM 1 Fall 2026
William Bramley,wl.bramley@ufl.edu,2028,GBM 1 Fall 2026
Yaozhou Xiong,yaozhouxio.xiong@ufl.edu,2030,GBM 1 Fall 2026
Youssef Alhamzawi,youssefalhamzawi@ufl.edu,2030,GBM 1 Fall 2026
Andrew Cordani,andrewcordani@ufl.edu,2030,Workshop ReliaQuest Recruiter Event
Ehab El-Ahmad,ehab.elahmad@ufl.edu,2030,Workshop ReliaQuest Recruiter Event
Patrick Lowry,patrick.lowry@ufl.edu,2027,Workshop ReliaQuest Recruiter Event
Aarav Shah,aa.shah@ufl.edu,2030,Workshop Resume LinkedIn Backup
Ashwin Guda,aguda@ufl.edu,2028,Workshop Resume LinkedIn Backup
Alexander Tarima,alexander.tarima@ufl.edu,2029,Workshop Resume LinkedIn Backup
Jake Amaral,amaral.jake@ufl.edu,2028,Workshop Resume LinkedIn Backup
Clara Anderson,andersonclara@ufl.edu,2028,Workshop Resume LinkedIn Backup
Andrew Cordani,andrewcordani@ufl.edu,2030,Workshop Resume LinkedIn Backup
Aneal Singh,aneal.singh@ufl.edu,2030,Workshop Resume LinkedIn Backup
Ayan Singh,ayan.singh@ufl.edu,2029,Workshop Resume LinkedIn Backup
Briana DeStoppelaire,bdestoppelaire@ufl.edu,2029,Workshop Resume LinkedIn Backup
Braydin Gadouas,bgadouas@ufl.edu,2030,Workshop Resume LinkedIn Backup
Bryce Williams,bj.williams@ufl.edu,2029,Workshop Resume LinkedIn Backup
Carson Phuong,carson.phuong@ufl.edu,2029,Workshop Resume LinkedIn Backup
Landon Coe,coel@ufl.edu,2030,Workshop Resume LinkedIn Backup
Cooper Hayes,cooperhayes@ufl.edu,2030,Workshop Resume LinkedIn Backup
Christopher St. John,cstjohn1@ufl.edu,2029,Workshop Resume LinkedIn Backup
Ehab El-Ahmad,ehab.elahmad@ufl.edu,2030,Workshop Resume LinkedIn Backup
Evan Ho Lostalo,eholostalo@ufl.edu,2027,Workshop Resume LinkedIn Backup
Ethan Chen,ethanchen1@ufl.edu,2030,Workshop Resume LinkedIn Backup
Gael Garcia,gael.garcia@ufl.edu,2026,Workshop Resume LinkedIn Backup
Harshil Rathod,h.rathod@ufl.edu,2027,Workshop Resume LinkedIn Backup
Seth Imig,imig.seth@ufl.edu,2030,Workshop Resume LinkedIn Backup
Jackson Myers,jackson.myers@ufl.edu,2030,Workshop Resume LinkedIn Backup
Jackson Dalton,jacksondalton@ufl.edu,2030,Workshop Resume LinkedIn Backup
Jayden Rosier,jayden.rosier@ufl.edu,2030,Workshop Resume LinkedIn Backup
Joshua Herring,jm.herring@ufl.edu,2030,Workshop Resume LinkedIn Backup
John Thies,johnthies@ufl.edu,2030,Workshop Resume LinkedIn Backup
Keelan Tse,k.tse@ufl.edu,2030,Workshop Resume LinkedIn Backup
Lethanial Leveille,leveillel@ufl.edu,2029,Workshop Resume LinkedIn Backup
Joao Lellis,lutfallamacha.jp@ufl.edu,2028,Workshop Resume LinkedIn Backup
Marvan Ekanayake,marvanekanayake@ufl.edu,2029,Workshop Resume LinkedIn Backup
Nick Bown,nbown@ufl.edu,2029,Workshop Resume LinkedIn Backup
Noah Techoueyres,noahtechoueyres@ufl.edu,2029,Workshop Resume LinkedIn Backup
Peter Reviere,peterreviere@ufl.edu,2030,Workshop Resume LinkedIn Backup
Paraman Galipalli,pgalipalli@ufl.edu,2027,Workshop Resume LinkedIn Backup
Prateek Kalusani,pkalusani@ufl.edu,2030,Workshop Resume LinkedIn Backup
David Pusey,pusey.dn@ufl.edu,2028,Workshop Resume LinkedIn Backup
Rishi Pinapaka,r.pinapaka@ufl.edu,2029,Workshop Resume LinkedIn Backup
Nathan Reyes,reyes.na@ufl.edu,2029,Workshop Resume LinkedIn Backup
Jay Rhymer,rhymerjay@ufl.edu,2029,Workshop Resume LinkedIn Backup
Rohith Rayudu,rrayudu@ufl.edu,2030,Workshop Resume LinkedIn Backup
Ryan Tram,rtram@ufl.edu,2028,Workshop Resume LinkedIn Backup
Leo Shee,sheeleo@ufl.edu,2030,Workshop Resume LinkedIn Backup
Alison Soewito,soewito.alison@ufl.edu,2029,Workshop Resume LinkedIn Backup
Tyler Salsburg,tylersalsburg@ufl.edu,2029,Workshop Resume LinkedIn Backup
William Bramley,wl.bramley@ufl.edu,2028,Workshop Resume LinkedIn Backup
Yaozhou Xiong,yaozhouxio.xiong@ufl.edu,2030,Workshop Resume LinkedIn Backup
